{"file_hashes":[{"block_hashes":["SQ8boxCtpCS5dNnRWojqr5OeFU9UNXZz+0UjmfezkvY=","2TNuH1R1Sv+m1pjSEQKGSxXM3PHt9/SRQuXxG2M/0y8="],"block_size":4096,"path":"cookie-editor.js"},{"block_hashes":["CtbmtRSOYhG9/bhhhdExMypBwW9TQrFLAGDFjfy9jHw=","Oqh3hgSLlQ5+rwF25IjtJD9Ca39WR6O5UmywLlXznV0=","i0pX6ptfsgMdiEnUYGlUS1Ov62SIjM30la9GXOhnMAc=","0a4HtWFx6O4OMMhlhs7MVUQHr8vdEZv5+X7ZJ3OQ5tg="],"block_size":4096,"path":"icons/cookie-150-filled.png"},{"block_hashes":["OnGrKRzBtMYFhjxpY/TAZPAoEaqUddLsfWI48eciohI="],"block_size":4096,"path":"icons/cookie-38-filled.png"},{"block_hashes":["zraZ6yvld80dizCl+85Mp3N/oJWQ56qHWMVql599Y7Y="],"block_size":4096,"path":"icons/cookie-38-legacy.png"},{"block_hashes":["zzZ7RechAqfc1cMm4493EW3qJXq1sUVB/mNN6bMgRb8=","riBdDDdT/h0uGdIIdAKQHbjfRkjOxQUIu6d9pxQ2AiM="],"block_size":4096,"path":"icons/cookie-44-filled.png"},{"block_hashes":["YgVoGuEbVoutX1IIbdeZqyjjwPWhbPOBnemoh65EsUM=","rF5wzq1wCflcqOlM+9/Pioa2RgJUPufS8IexuIlsMQ0="],"block_size":4096,"path":"icons/cookie-50-filled.png"},{"block_hashes":["1ZwIE1o+xc8tJ1cyJvH96uQzqtlRu0ZxlX8S/mlULJ4=","i4hro/eobCvGJobjMSolhlAq2tvtWVDXvRVnF4lmrQU="],"block_size":4096,"path":"icons/cookie-64-filled.png"},{"block_hashes":["n99h7A7pVcw7jqZvgEVphhFrpcg87BqMVgIfYRwAdN4=","IYq6KHzC5BB3UJfI8lWGIGkQm1z1EkACgEGUnh5GPHY="],"block_size":4096,"path":"icons/cookie-filled-small.svg"},{"block_hashes":["1Mc57F00bQqhQfapfSRmiAAF3mRlBGIPBXtBzxFcsSo=","8A8nsZKPr9PALg4Y/Owoet7mA085KyH3eNBOQwcxtcg="],"block_size":4096,"path":"icons/cookie-filled.svg"},{"block_hashes":["8ADenowInkS6Bh/jKnsaJlaM2Ivfxw8rRx3rTxW1gBE=","RRlECfDSPSmcHScJUHTJscIuPUDn3tFe2pPTYBRHJvY="],"block_size":4096,"path":"icons/cookie-light-small.svg"},{"block_hashes":["v9/8xaMTVYmmhEQe8qAhFKnVGnnwnOUW4KWojyInW1A=","xrBuIi1HzUc+cljbV0zg938IWh8c+wHXmOAH/hvs3D8="],"block_size":4096,"path":"icons/cookie-light.svg"},{"block_hashes":["YKYGf758WkyTKqNEkp0z5TeM6Y9IL5TI9jRsJZnEkFc=","3idhYbz1N0ZojjeCmBvQ2JaJoWLOQEWb9xKw4qA1rg4="],"block_size":4096,"path":"icons/cookie-small.svg"},{"block_hashes":["wgMYOSrJBxaeULvuMZUH0FntTmHlVb9oK/PbX7K1K7s=","kX+rtuNe4hhyhcMm1i9syU8ZhmfU/xJG1qCAKEkM5v8="],"block_size":4096,"path":"icons/cookie.svg"},{"block_hashes":["P+ZiNfys7hvYtcKlpLgsCXySr3N5HcLisi1p8tKTRfg=","gb4dgq9FdugKrN2apj0wy8l4PIhUCZoJCVXCyTI8gso="],"block_size":4096,"path":"interface/devtools/cookie-list.html"},{"block_hashes":["FykmYgs4v2bVOVDNuBPO+PNB3SnVqF/3X+2yMbgsCTs="],"block_size":4096,"path":"interface/devtools/devtool.html"},{"block_hashes":["siej7t61Z0fBlX1ANHAgHGvz9l8E8B3+E38M7Wp4E0Q="],"block_size":4096,"path":"interface/devtools/devtoolCookieHandler.js"},{"block_hashes":["oOOIeq3HSVNX9Y4Ei4VWAySZ3SC9to1rj+3rH91OFnQ="],"block_size":4096,"path":"interface/devtools/devtools.js"},{"block_hashes":["GMpETjZdqE/LgP6g8x4wstRSQ1cJaIgxqHhoMMFPP4s="],"block_size":4096,"path":"interface/devtools/style.css"},{"block_hashes":["jXBGkTg1wBa8PRxJz3j88OvyX2rNCWvpOQZtPExMW/U=","+IgiicOroP34B/+NDWpg4X/i5vK8x5HDSYBKBPkUhr0="],"block_size":4096,"path":"interface/lib/animate.js"},{"block_hashes":["Fv3DOfIf6MhXyZzK6wZlj4vkiDmbldoQbjsu7B1vS7E="],"block_size":4096,"path":"interface/lib/browserDetector.js"},{"block_hashes":["VkDB67vF047sixXgGU2KD2mLNQ9KFjX2TjCZJLdEgJw=","a8UqW0QcYDc8QUTmFs92XZesqAywvrcpeSoKrDJ3x/U=","SMpVI+gH4SlP+cm4QfS+FnNpNs2a9JJJvYwUYhU/ib8=","h0/OvQ4ys9tx8q3zHocy98Iw8t+aID1DSs1Zcb3CMmY="],"block_size":4096,"path":"interface/lib/cookie.js"},{"block_hashes":["MUsusVpkkVdRn6hOikKgewR+GS7nei/AmYOrxrGlLwc="],"block_size":4096,"path":"interface/lib/event.js"},{"block_hashes":["6Vb1hFQ3dpquB8433Fk2C4axvUMmV66JBvzYo/lcJLw="],"block_size":4096,"path":"interface/lib/genericCookieHandler.js"},{"block_hashes":["H1KxwyK5hgCvZPG8XjnfmA+B+ZPgqK28LSK9fxZ/vV0="],"block_size":4096,"path":"interface/lib/isPopup.js"},{"block_hashes":["gRtFAzTzjjNTQzp0c2pexvtg6b0VECfYXtb5l1706yM=","ioSpLhl0RfPLbTRUQFROprnHPPzaNQcrUjo6P2bNJLc=","4e9sDreWmxzOI+C2S6LZ1A4KcEm5R0dpsVe2teBvx4s="],"block_size":4096,"path":"interface/popup-android/cookie-list.html"},{"block_hashes":["rdiyIs9ISmEsYxCcWs4p270MdJF0B5oWY2HwVLZKiWo=","EasEGclwqgzgMAOQ+geL7hEpBcdiVIEVKUUCLxuNa0k=","SbpN/V4/QzPlkxGk1qyWo1rBRdisoJujgS7N24RSbZ8="],"block_size":4096,"path":"interface/popup-android/style.css"},{"block_hashes":["VooKgOhkLoB+BGcIrOcCm1tqN2mYgYCggk0UW6wypBc=","4B+Aw1/Bum/dr1SYwDvULzVbay23uoIgZO2AiwH9yRA=","us0fIe/CNK2O5hQr9SZnjr1HuCZLlMrO4RofXiELPhI="],"block_size":4096,"path":"interface/popup/cookie-list.html"},{"block_hashes":["aqe4190OinwkKB/XcQg9eyiOSRaae7uE4rQNr5SVSY8=","mERkWfRhgBG2r19HA3YjzbQAJNJdlvK5khW2ETYcPwM=","VOsB+Veod2TLYLzn27XKCtAKjQqQwyT5+0Poc0eTk5U=","zpmPcsmJli2vuMa7hN/L3oaxAVK9MPif4IPY6j2eTDs=","Jh6RFhwqmBx45Ia/eDishRcx5mqWpRuek5B3BDqXGlE=","gJarjRmj5b8oyJqwwbGXbUrLcsnxmwll23EtUYQrI/I="],"block_size":4096,"path":"interface/popup/cookie-list.js"},{"block_hashes":["kqEBN2Py2c1xPQ8oQwSsjSveAft2FL6MEMuFQpT5MDM="],"block_size":4096,"path":"interface/popup/pixel.png"},{"block_hashes":["HAvJNXXQSJ62R6Yp/n9+Rxc2TgIu/MTgXCIrPF4tgvY="],"block_size":4096,"path":"interface/popup/popupCookieHandler.js"},{"block_hashes":["5WGEQfa3ljv17h6BdRGJoHKIwKKfqHt1joXVC2JzW9I=","1xg5Q0CNLIRiWN1V5C3Z7TDbgo8B5mYbuy6YTzEZtDw=","Nd8vdSkvBoe9RJS/f9s51L/O4i0BuKFkK86JtEzKv3E="],"block_size":4096,"path":"interface/popup/style.css"},{"block_hashes":["KWU3c496oCWhGGTWSk2VZXkd+2OElUsJfj2QfOirOt8=","35HAQTQfgSk71TtB47zQE+hlYVKPm8L025ew+DRm1jk=","Gb5WrGrGPOknKyo4t9cIUhgTM1Zlg31AGB5eLfNNKGA=","6zKBRHIUusJoAEYhnNBClIlj+1NLU2OdKRxtqlxeu1Q=","uHoMJTmy2+ovMezo54sW6Lm9n0l2R2wVGVoe1Usk5Ys=","l97p3/E8Nb1HCkDZsPMJFxdh+BPfDZ0tXO10Kq8G/zg=","/r3LRp8QqR43LHZsuaYNdUSkVLjY4s9Xj/FlHDfARIk=","O7K3Cbd1ek1bu387ueof72XJ+LLNidQGziqNaD+OPh0=","BNUtQD6tTPZzTjChbRcltqTnTpS7B6kmVuHAuZkcwhg=","26m0yHQhGpLctSKzJd/zsYh2bvbutTCz7+4vbq72ED8=","OuYLNaG+2wdYMp43O+u6Cgf7Mhm4oORRn3ORY993KJc=","vmyyqj8hO0ajLXX0hAtrYdkMBsVsDhzPQFIAgF/9eUk=","+rJ+UyEtyjsn5yFuInIOzU+Cm3KDwRexVE7BJ8Vam0Y=","l/1r0vbgCI2KAX3qqiu4dRmjiMS5xU0qK1OE21Euzus=","VYkmNRRCpo23wy1MY6BKU3RaEvxjgdBkeRf2qCpxCFA=","KBpEeRB8OGSPXOJr0IqckkyQ79UeAx8B11yJXerZWZs=","BZaRNuQMp1cJHOzjqxiqdCUfmND33DuWQnqSrpWd4Aw=","wS6Vm9tqh0YuJJQ0nO84H4RlU7IFnxwWkBxcLNChprc=","/gMNBzS1e9IMSUvw7TsLi/j0jxeNdT5Yg4seHdiw+w8=","bs5WGf/SoVumlr3SSXEPcXw+c7K2dvYxYd/jE1iX3nY=","AdCYQclzkGPKnSGghrw8jflykTKt3Lq2TJZ3rzo6lEM=","Wt+KiW6c4280ejzHFip5BL9ZNi8SKYOyJXsgdIdNel0=","xZeQUKes84u/8abp3zucghmyAf9ChXg3y42DojwsMX4=","sYMrH5rpMRgFsG91jsI+k95+rQC5ldM6uRU8UAJWW2A=","rbIg906EKLqC3YmD+xDpRXY3TnCrcZsmk3LhquUdOIA=","8sFDpUpiRoD1yArCfrJd9ocA/fa3sPerU8YnCBODztQ=","xdW2Rs8r2JwDSfPscag20aR46NPh2k6ofXv5qt3MPrM=","M221VvSJv+6U87pqiFyJ6pcLyJSFFiVKZWDF1QIxc1A=","IgbWbNUmn4TU1drl0y34ocqo5k+zpF1FXy1AYuOJRNs=","B8yohcJyE6rykhWpcdHBHReiB00zNgDCRWXW40VLhFs=","F+8ItFjjh//SJ3NvGNJYL7XPlxXQt2pgzeuMk7YrByc=","rOLqda89S6gG15IkpS8s8BhKZMf6G1bM6SJ81Nexg8I=","o/tm1/gtcCmGSVIbAsG2tH2yNaSPCc2UiQjW9w0Sog4=","A7ngjCay030HtTEMtPQkTtvVfMQqvMmMH1dpKwM/0Rw=","D80U9ZMszaC2BJnvBPO6Gh2TGZD62RtnseZ1PJh5wks=","gwtG/bUcb9MI/cQK/Nn6iV9jlw1lKPVLViicmDIWyWI=","S7XiuBNXmG/FhXgshHfFBNruyzt8jKlc06vRAEqg64Y=","E8OIsyxBkRvF/hcHqitolyRnM66cAESkHmzbqiID6u0=","XglGR62D85vrOZuzAAZ0Se6D1w95ZNRx5BqxOZNMGMQ=","+MTBSc4eMz0mpryYNjHXENvDYQkX19Ph+W9Elh+DgDk=","DDSrcAqMAaZMViSfhnbmSQp2gyJaiKY/GbXu1LsKv44=","ZE0W6oGW8Ki0DIo/xMoeBzvPsIyLFAWwmMFRsI2ExyQ=","agDAzU7qDHixnG0Ebqj5hx5E9IEfQCCveiv9/nvvwvE=","RrT0ll0MAexGOaCDKEUikomgSIIUhNYTvZ8KuHOyuuc=","gNSnjd3pmneNxHmMmdKSDEYqnzs1eaKCmKUda5sVtRw=","dFCA4Tl8fYJ3zZ0LZ4xN5StbxV1k0y/nH7DGBgkzzrM=","9/iQxxlk+UYW0CzBS4McrsS7Iws4ISuLdr7lzhoSsQs=","ONtu9RMP35XJPVIET2raXx/D20Ad19FfkGJJdapyNmY=","xhFoIEUaX7lhlm5Ov2/7ZMlH41gUh1aY6rqMtV21nNE=","pZGG7ijRqLpqygs1rld3kzPObltPfokOuaV3MZHlnhU=","6PIhA0wrTckD9oV89fsPmN8QKldra7Xkgl0GAjm/Lf4=","/glF7258h/fhNG23SW71+HPEaashQQo58jAub53LOr4=","dnoCMavFWZzsRRzZm47PJtt8L7iTcvWMu6Gej/g6i5U=","Mr7xW5uZRoO3liGhtoquD9w/FW89guGo5WQqb/XacNo=","sA1vr5+W5BiI16Xauwhod2FoAIh3JXF72rGCSizLHes=","mfVbewaFocSBBuXqScYDC33UKuYC3X0nhBF0TmgisXs=","cCq7UgKu1nRdHQx99MYxCt/SxIEz0i3iILATuf6THIM=","S/jBOnXTPe6B97gVY9e4ZQHa0bRj5iekvhjVjbw14QU=","cVIgNdOTng5XisvEX6vTjoceRDJ+thY6i+4HYuFN5/Q=","4dM3ndoKA14QcHR/XmT91GXAqbvQdkEqpDaUxsb0OnQ=","mZcRydU6K6YftbR7JN/GcrTR8n9/zldohuHRvj+01A4=","HAGCvj43q4ucDOWH5xhSVjFD3g7yqIisLQNWTGxpBXk=","1rCRh0mov8HPqhUs6eY1USmoem6DnF2V0ijgg4Ir9oI=","jVRUlId4PbaS15Nbvz05VEyYd+ctMe1FXY9sYN3RQCg=","fz1mh9CottTmd1LwM4rJSIdFkpgJAQo0UvCia56SyMU=","W3Gg4WwaaYIkQh2XcYXYdAixyroW9sNqT+mMRpSqvpk=","KGfL82NB+oN26QkjgAUe3e82iFUmFSyO+Is2ze5p2zg=","O1d486AVTf6B3jyGvItTELo975/F/0aCP7CDG7O4FS4=","Bb41tH19W4xx8hvp/VD8ZKzZCYQtBT3MqanSSWIiZCc=","Wb/JgcpZ/zKsaxR9UJ2SAvViO+R3CRiWHznXtlCCGgk=","qsXDZ+qTpmF34A3ZQvo/4yLI+IRhyy5gA3EdLMrttjc=","p4cO0mjPJc9Q30DYJvhNNIpbRyEKd/eXkuO8d2Tb0ts=","cBpsLHJZiWJujD+m3I42YiY6jvR/RdX5/DG5LDH6rPk=","PyMlEWeeMqQbmyFFn86jv5GgZq3DVg6c0ANXmgQhCmY=","71fbLBdeYDDvQvNLRsy3oCX/t643Wqq1B5ALSBszSwc=","BPjK+5+fJeehjy9DeNY14k8EXb8gV5q1k7gcFPNwgBk=","mUk2WXpr+kETirdJiYf4esNjUvjmKyO5QA5FrgT8xUg=","J6PXt6WABZaW2pIjlpR8ejvQ5P2JyKEapzl6UUHcZ3M=","v21UkQFzcITj4dcp6cGkTWU8qukEfJevBi5zk9ZkciY=","xw6S87NGTNqF3sv0+0N/Ozugl2s82bRSpgNJy57ZVjU=","1KRK6oCj5D1q587GHbxGNSUQkmssh6TXmtBwaLDJOVU=","Nf8b4JhMUuiSgCmZJnpMysgGkbq3i4SBWt1TCkUjjfI=","4fHUw1i/X7ncEzzKCYscB09e7qCSeZq7Tbx4XZ5PIOE=","3f+uSAq/hSNFGaGYP5F4dp1nX1bF6SDxyXAW+RjhLjQ=","a69tMRRMJ4szP51kxbDTptXL8dWBE2FOX+9/5fTIifc=","/AW3lwpa+RpqBoWURDs3wfJRq+wsiFFVYydJbYaLWnw=","3IFKOxEY+JphtzvSxUiIrzsvMl7FFuDmG/gv71EUs1g=","xnEQF78CcSFmxQHNfwMTN6qFKantIkqTN5VJBtInOFQ=","W/4R4wdfq5BBTDbBv5UtmpVtswTXnRye38HWcPzWXcc=","ER5Wa1s4RklnJSy2WS0k45EKjDlbur0ZINn0DwKV57Y=","5LJofzJgZVQLVhpKw2Orb58wO/gT/tuWrm9gffiTg4U=","HXg10ZjwhzD0smNfYc/16D3xko+vVVBnODjmz6q1q6A=","tVUZ+CP7f+Zs7UUdPAZO2cdCqK/bN3jgLWSHznzkYJM=","aimKPOi6ypqPz1g5TeLzQGaRcojy1366ryGP6KKZx50=","Li4OTtkPIitaNRXY+DQhYROHQtRrH4GG2j9wUxky72Q=","8dDKoUK+My16vgFEoR3GFaJmgPBLkX6QWEKq1jzt5jU=","9gZonIBeik7LO/Y6vFSKB7ihefDo1ELE3KTZZWNYOhw=","HkhGj+hQ7nS/6T2YSQ4Go2T5VImHKv87emntcMoSV2s=","trMG2UjYQJYcjsii+AsMa7XC0P9BG8nAcAlEX4DS+Hw=","tanuyifHy0o8tHY/+Bx0hl48SIfrXLZLVOInc2zB2z4=","C6/JyjmjbYncYCGPxXOrmI+LpFZdQV3UYUUI1Q4F2f0=","Vtim3Ni9svI9p6HRUM6reNfRMqPxLe/kLqalzCXHCAY=","iznyRxI5gBevsCu+auudVwYqN3yzG/+IMQo4kOxLotQ=","tSaSziu5EYQaScgjpHe+ckWRn9Biu5vaLVdW9SZJdB4=","e4BYIcQfnDz9AJnE8KvmLpr7cUSasofYiMhgUXBJQQY=","BOYVXSFLjac6Jis3YtK4FNuVr/6wZlYVaDWqte4id0k=","mAb56c27unJjvi6PiBjZt6WUDQIq/PwvcLB8QFpMDxM=","LZ0nR9WN8T40A79xtwoDJ5wN3jZ6S/+bkgVzCERezCI=","ffvAjXmoQkoeytrogK6Mmd1py+eawLc+qOqQEVujPbE=","AOWvntlbSAoHyE0ycTwVNqH5JDDPPwwZaVYwcPopbaE=","E36LhDR0md6MYccde9YcqxOilwEFArTSRHfmVo1VP8M=","yCmeLRY6aTFXzP4ZtvzNtrlmWzG2iWYlu7ve4a1zug4=","zA+GlrXHmtQ8YyfxSpokC3mo+FQ+1pWozDCBDYXsJcs=","D9GbV1fxz1KRDor6lM8OYYaypqlWoensImxDo+ZLc7U=","SD8+Edeq6Od/QonyviGtRQ3bwvJxONEHN4kFqf4Cxec=","wdJpnH6x3vfzlu+yD1BenojoT6vA+S/Wm/KKfQJtDWk=","4F1QQ+eMQmozoJmIZ0fmtfdIHZs3beJuPXceW7Ke33w=","YW8sysa5j9Xub1xl2LOElspa3BXf2Xl9khlegVHjTsU=","D/wcIgsjEYVCQNxclPfdLSRmnMXSbW55RmJb2fRsAEA=","vgDZVwyhxQZdy6f3TD0Mrnm0S5ialol90pYhkyS+Vo8=","qpPYPnHUqoI+Xbt43Y0dUzsNotYw5+ga5L7p2wQpqtA=","MpioPlxjii/7Yr3LetgekZ7ZGt9Jh8OileN7xpRMoiU=","91RsXgcTWkwqBSHGf2bl9ICzSq4j5BW8IZH498YwaUI="],"block_size":4096,"path":"interface/sprites/solid.svg"}],"version":2}